so,thread_limit,size,x,y,z,execution time,begin temperature,end temperature
2,-1,800,-1,-1,-1,1.435918,61,61
2,128,800,2,2,2,0.522809,61,61
2,128,800,2,2,4,0.426708,60,61
2,128,800,2,2,8,0.474696,60,61
2,128,800,2,2,16,3.078712,60,61
2,128,800,2,2,32,4.179427,60,61
2,128,800,2,2,64,6.769351,60,62
2,128,800,2,4,2,0.484321,60,61
2,128,800,2,4,4,0.436432,60,61
2,128,800,2,4,8,0.518777,60,60
2,128,800,2,4,16,3.679878,60,61
2,128,800,2,4,32,4.748333,60,62
2,128,800,2,4,64,7.514318,60,62
2,128,800,2,8,2,0.487722,60,61
2,128,800,2,8,4,0.438699,60,60
2,128,800,2,8,8,0.514546,60,60
2,128,800,2,8,16,3.848437,60,61
2,128,800,2,8,32,4.808053,60,62
2,128,800,2,8,64,9.034589,60,62
2,128,800,2,16,2,0.477062,60,61
2,128,800,2,16,4,0.431006,60,60
2,128,800,2,16,8,0.534541,60,61
2,128,800,2,16,16,3.868361,60,61
2,128,800,2,16,32,4.894323,60,62
2,128,800,2,32,2,0.465189,60,61
2,128,800,2,32,4,0.444027,60,60
2,128,800,2,32,8,0.546222,60,61
2,128,800,2,32,16,3.792091,60,61
2,128,800,2,64,2,0.474671,60,60
2,128,800,2,64,4,0.453397,60,60
2,128,800,2,64,8,0.558144,60,60
2,128,800,4,2,2,0.470439,60,60
2,128,800,4,2,4,0.405465,60,60
2,128,800,4,2,8,0.475722,60,60
2,128,800,4,2,16,3.036019,60,61
2,128,800,4,2,32,4.289249,60,62
2,128,800,4,2,64,7.042274,60,62
2,128,800,4,4,2,0.449824,60,61
2,128,800,4,4,4,0.426029,60,60
2,128,800,4,4,8,0.524487,60,61
2,128,800,4,4,16,3.846054,60,61
2,128,800,4,4,32,4.811925,60,62
2,128,800,4,4,64,7.645039,60,62
2,128,800,4,8,2,0.468472,60,61
2,128,800,4,8,4,0.440459,60,60
2,128,800,4,8,8,0.534538,60,60
2,128,800,4,8,16,3.880317,60,61
2,128,800,4,8,32,4.846454,60,62
2,128,800,4,16,2,0.472826,60,61
2,128,800,4,16,4,0.442223,60,60
2,128,800,4,16,8,0.548213,60,61
2,128,800,4,16,16,3.904968,60,61
2,128,800,4,32,2,0.475011,60,61
2,128,800,4,32,4,0.452677,60,60
2,128,800,4,32,8,0.559844,60,60
2,128,800,4,64,2,0.48274,60,61
2,128,800,4,64,4,0.462772,60,61
2,128,800,8,2,2,0.44294,60,61
2,128,800,8,2,4,0.399935,60,60
2,128,800,8,2,8,0.483639,60,60
2,128,800,8,2,16,3.015056,60,61
2,128,800,8,2,32,4.347602,60,62
2,128,800,8,2,64,7.108518,60,62
2,128,800,8,4,2,0.431204,60,61
2,128,800,8,4,4,0.426013,60,60
2,128,800,8,4,8,0.533025,60,61
2,128,800,8,4,16,3.894667,60,61
2,128,800,8,4,32,4.831584,61,62
2,128,800,8,8,2,0.462454,60,60
2,128,800,8,8,4,0.444504,60,60
2,128,800,8,8,8,0.549731,60,60
2,128,800,8,8,16,3.893683,60,61
2,128,800,8,16,2,0.47391,60,60
2,128,800,8,16,4,0.452178,60,60
2,128,800,8,16,8,0.561562,60,60
2,128,800,8,32,2,0.485182,60,60
2,128,800,8,32,4,0.46322,60,60
2,128,800,8,64,2,0.497693,60,60
2,128,800,16,2,2,0.425988,60,60
2,128,800,16,2,4,0.398364,60,60
2,128,800,16,2,8,0.496717,60,60
2,128,800,16,2,16,3.027141,60,60
2,128,800,16,2,32,4.360119,60,61
2,128,800,16,4,2,0.422326,60,61
2,128,800,16,4,4,0.431757,60,60
2,128,800,16,4,8,0.54523,60,60
2,128,800,16,4,16,3.899805,60,61
2,128,800,16,8,2,0.466479,60,60
2,128,800,16,8,4,0.452817,60,60
2,128,800,16,8,8,0.561712,60,60
2,128,800,16,16,2,0.484121,60,60
2,128,800,16,16,4,0.461498,60,60
2,128,800,16,32,2,0.497859,60,60
2,128,800,32,2,2,0.418046,60,60
2,128,800,32,2,4,0.402757,60,60
2,128,800,32,2,8,0.510976,59,60
2,128,800,32,2,16,3.072277,59,60
2,128,800,32,4,2,0.42309,60,60
2,128,800,32,4,4,0.439468,60,60
2,128,800,32,4,8,0.555374,60,60
2,128,800,32,8,2,0.474791,60,60
2,128,800,32,8,4,0.460095,60,60
2,128,800,32,16,2,0.495412,59,60
2,128,800,64,2,2,0.417826,59,60
2,128,800,64,2,4,0.41215,59,59
2,128,800,64,2,8,0.529472,59,59
2,128,800,64,4,2,0.430997,59,59
2,128,800,64,4,4,0.452488,59,59
2,128,800,64,8,2,0.491215,59,59
2,256,800,2,2,2,0.522609,59,59
2,256,800,2,2,4,0.426465,59,59
2,256,800,2,2,8,0.474611,59,59
2,256,800,2,2,16,3.079536,59,60
2,256,800,2,2,32,4.17923,60,61
2,256,800,2,2,64,6.76239,60,62
2,256,800,2,4,2,0.484877,61,61
2,256,800,2,4,4,0.436433,60,60
2,256,800,2,4,8,0.518924,60,60
2,256,800,2,4,16,3.681757,60,61
2,256,800,2,4,32,4.746858,60,62
2,256,800,2,4,64,7.504323,60,62
2,256,800,2,8,2,0.487755,60,61
2,256,800,2,8,4,0.439146,60,60
2,256,800,2,8,8,0.514122,60,60
2,256,800,2,8,16,3.844864,60,61
2,256,800,2,8,32,4.809253,60,62
2,256,800,2,8,64,9.043937,60,62
2,256,800,2,16,2,0.477491,60,61
2,256,800,2,16,4,0.430991,60,61
2,256,800,2,16,8,0.534185,60,61
2,256,800,2,16,16,3.866475,60,61
2,256,800,2,16,32,4.891454,60,62
2,256,800,2,32,2,-1.0,60,60
2,256,800,2,32,4,-1.0,60,60
2,256,800,2,32,8,-1.0,60,59
2,256,800,2,32,16,-1.0,59,60
2,256,800,2,64,2,-1.0,59,59
2,256,800,2,64,4,-1.0,59,59
2,256,800,2,64,8,-1.0,58,58
2,256,800,4,2,2,-1.0,58,58
2,256,800,4,2,4,-1.0,58,58
2,256,800,4,2,8,-1.0,58,58
2,256,800,4,2,16,-1.0,58,58
2,256,800,4,2,32,-1.0,58,58
2,256,800,4,2,64,-1.0,58,58
2,256,800,4,4,2,-1.0,58,58
2,256,800,4,4,4,-1.0,58,58
2,256,800,4,4,8,-1.0,57,57
2,256,800,4,4,16,-1.0,57,57
2,256,800,4,4,32,-1.0,57,57
2,256,800,4,4,64,-1.0,57,57
2,256,800,4,8,2,-1.0,57,57
2,256,800,4,8,4,-1.0,57,57
2,256,800,4,8,8,-1.0,57,57
2,256,800,4,8,16,-1.0,56,56
2,256,800,4,8,32,-1.0,56,56
2,256,800,4,16,2,-1.0,56,56
2,256,800,4,16,4,-1.0,56,57
2,256,800,4,16,8,-1.0,56,56
2,256,800,4,16,16,-1.0,56,56
2,256,800,4,32,2,-1.0,56,56
2,256,800,4,32,4,0.452446,56,57
2,256,800,4,32,8,0.559608,56,57
2,256,800,4,64,2,0.482734,57,57
2,256,800,4,64,4,0.462507,57,57
2,256,800,8,2,2,0.443014,57,57
2,256,800,8,2,4,0.399612,57,57
2,256,800,8,2,8,0.483571,57,57
2,256,800,8,2,16,3.012242,57,58
2,256,800,8,2,32,4.339038,58,60
2,256,800,8,2,64,7.121917,59,61
2,256,800,8,4,2,0.431403,60,60
2,256,800,8,4,4,0.426162,60,60
2,256,800,8,4,8,0.533078,60,60
2,256,800,8,4,16,3.893165,60,61
2,256,800,8,4,32,4.831517,60,62
2,256,800,8,8,2,0.462459,60,60
2,256,800,8,8,4,0.444357,60,60
2,256,800,8,8,8,0.549782,60,60
2,256,800,8,8,16,3.889004,60,61
2,256,800,8,16,2,0.473774,60,61
2,256,800,8,16,4,0.451963,60,61
2,256,800,8,16,8,0.561554,60,61
2,256,800,8,32,2,0.485008,60,61
2,256,800,8,32,4,0.462726,60,60
2,256,800,8,64,2,0.49776,60,60
2,256,800,16,2,2,0.42599,60,60
2,256,800,16,2,4,0.398378,60,60
2,256,800,16,2,8,0.496595,60,60
2,256,800,16,2,16,3.023509,60,61
2,256,800,16,2,32,4.361673,60,62
2,256,800,16,4,2,0.422485,60,61
2,256,800,16,4,4,0.431894,60,60
2,256,800,16,4,8,0.544928,60,60
2,256,800,16,4,16,3.899447,60,61
2,256,800,16,8,2,0.466389,60,60
2,256,800,16,8,4,0.452709,60,60
2,256,800,16,8,8,0.561708,60,60
2,256,800,16,16,2,0.483981,60,60
2,256,800,16,16,4,0.4615,60,60
2,256,800,16,32,2,0.498137,60,60
2,256,800,32,2,2,0.417731,60,60
2,256,800,32,2,4,0.402753,60,60
2,256,800,32,2,8,0.510944,60,60
2,256,800,32,2,16,3.076598,60,61
2,256,800,32,4,2,0.422819,60,60
2,256,800,32,4,4,0.439504,60,60
2,256,800,32,4,8,0.555377,60,60
2,256,800,32,8,2,0.474788,60,60
2,256,800,32,8,4,0.460035,60,60
2,256,800,32,16,2,0.495385,60,60
2,256,800,64,2,2,0.417844,60,60
2,256,800,64,2,4,0.411973,60,60
2,256,800,64,2,8,0.52868,60,60
2,256,800,64,4,2,0.431198,60,60
2,256,800,64,4,4,0.452463,60,60
2,256,800,64,8,2,0.491091,60,60
2,512,800,2,2,2,0.522595,60,60
2,512,800,2,2,4,0.426291,60,60
2,512,800,2,2,8,0.474902,60,60
2,512,800,2,2,16,3.07698,60,61
2,512,800,2,2,32,4.177045,60,62
2,512,800,2,2,64,6.753855,60,62
2,512,800,2,4,2,0.484532,60,61
2,512,800,2,4,4,0.436308,60,60
2,512,800,2,4,8,0.518879,60,61
2,512,800,2,4,16,3.681257,60,61
2,512,800,2,4,32,4.746248,60,62
2,512,800,2,4,64,7.528128,60,62
2,512,800,2,8,2,0.487703,60,60
2,512,800,2,8,4,0.438604,60,60
2,512,800,2,8,8,0.514136,60,60
2,512,800,2,8,16,3.84504,60,61
2,512,800,2,8,32,4.807523,60,62
2,512,800,2,8,64,9.019972,60,62
2,512,800,2,16,2,0.477349,60,61
2,512,800,2,16,4,0.430999,60,60
2,512,800,2,16,8,0.534342,60,61
2,512,800,2,16,16,3.868554,60,61
2,512,800,2,16,32,4.887316,60,62
2,512,800,2,32,2,0.465167,60,61
2,512,800,2,32,4,0.444152,60,61
2,512,800,2,32,8,0.545964,60,60
2,512,800,2,32,16,3.795285,60,61
2,512,800,2,64,2,0.474595,60,61
2,512,800,2,64,4,0.453318,60,61
2,512,800,2,64,8,0.558723,60,61
2,512,800,4,2,2,0.470007,60,60
2,512,800,4,2,4,0.405941,60,60
2,512,800,4,2,8,0.475398,60,60
2,512,800,4,2,16,3.038997,60,61
2,512,800,4,2,32,4.287139,60,62
2,512,800,4,2,64,7.050742,60,62
2,512,800,4,4,2,0.449373,60,61
2,512,800,4,4,4,0.426179,60,60
2,512,800,4,4,8,0.524172,60,61
2,512,800,4,4,16,3.844632,60,61
2,512,800,4,4,32,4.812897,60,62
2,512,800,4,4,64,7.645064,60,62
2,512,800,4,8,2,0.468331,60,61
2,512,800,4,8,4,0.440114,60,60
2,512,800,4,8,8,0.535319,60,60
2,512,800,4,8,16,3.879195,60,61
2,512,800,4,8,32,4.845894,60,62
2,512,800,4,16,2,0.472664,61,61
2,512,800,4,16,4,0.441917,60,60
2,512,800,4,16,8,0.548438,60,60
2,512,800,4,16,16,3.904693,60,61
2,512,800,4,32,2,0.474809,60,61
2,512,800,4,32,4,0.452485,60,60
2,512,800,4,32,8,0.559585,60,60
2,512,800,4,64,2,0.482858,60,60
2,512,800,4,64,4,0.462733,60,60
2,512,800,8,2,2,0.442611,60,60
2,512,800,8,2,4,0.399048,60,60
2,512,800,8,2,8,0.484051,60,60
2,512,800,8,2,16,3.015184,60,61
2,512,800,8,2,32,4.341162,60,62
2,512,800,8,2,64,7.115666,60,62
2,512,800,8,4,2,0.431731,60,61
2,512,800,8,4,4,0.42604,60,60
2,512,800,8,4,8,0.5331,60,60
2,512,800,8,4,16,3.892634,60,61
2,512,800,8,4,32,4.831142,60,62
2,512,800,8,8,2,0.462417,60,61
2,512,800,8,8,4,0.444368,60,60
2,512,800,8,8,8,0.549591,60,60
2,512,800,8,8,16,3.889772,60,61
2,512,800,8,16,2,0.473726,60,61
2,512,800,8,16,4,0.452104,60,61
2,512,800,8,16,8,0.561462,60,60
2,512,800,8,32,2,0.485102,60,60
2,512,800,8,32,4,0.462875,60,60
2,512,800,8,64,2,0.49759,60,60
2,512,800,16,2,2,0.425972,60,60
2,512,800,16,2,4,0.397999,60,60
2,512,800,16,2,8,0.496597,60,60
2,512,800,16,2,16,3.032575,60,61
2,512,800,16,2,32,4.361206,60,62
2,512,800,16,4,2,0.422296,60,61
2,512,800,16,4,4,0.431322,60,60
2,512,800,16,4,8,0.544641,60,61
2,512,800,16,4,16,3.900574,60,61
2,512,800,16,8,2,0.466359,60,61
2,512,800,16,8,4,0.452849,60,60
2,512,800,16,8,8,0.56186,60,60
2,512,800,16,16,2,0.484054,60,60
2,512,800,16,16,4,0.461163,60,60
2,512,800,16,32,2,0.498088,60,60
2,512,800,32,2,2,0.417518,60,60
2,512,800,32,2,4,0.402881,60,60
2,512,800,32,2,8,0.511001,60,60
2,512,800,32,2,16,3.068967,60,61
2,512,800,32,4,2,0.422951,60,60
2,512,800,32,4,4,0.439495,60,60
2,512,800,32,4,8,0.555537,60,60
2,512,800,32,8,2,0.474733,60,60
2,512,800,32,8,4,0.460014,60,60
2,512,800,32,16,2,0.495067,60,60
2,512,800,64,2,2,0.417964,60,60
2,512,800,64,2,4,0.411578,60,60
2,512,800,64,2,8,0.529696,60,60
2,512,800,64,4,2,0.430924,60,60
2,512,800,64,4,4,0.452069,60,60
2,512,800,64,8,2,0.490865,60,60
2,1024,800,2,2,2,0.522807,60,60
2,1024,800,2,2,4,0.426196,60,60
2,1024,800,2,2,8,0.475181,60,60
2,1024,800,2,2,16,3.079187,60,61
2,1024,800,2,2,32,4.177905,60,62
2,1024,800,2,2,64,6.772473,60,62
2,1024,800,2,4,2,0.484608,60,61
2,1024,800,2,4,4,0.436243,60,60
2,1024,800,2,4,8,0.518825,60,60
2,1024,800,2,4,16,3.683488,60,61
2,1024,800,2,4,32,4.745611,60,62
2,1024,800,2,4,64,7.51325,60,62
2,1024,800,2,8,2,0.487731,61,61
2,1024,800,2,8,4,0.438889,60,61
2,1024,800,2,8,8,0.51479,60,60
2,1024,800,2,8,16,3.845539,60,61
2,1024,800,2,8,32,4.808861,60,62
2,1024,800,2,8,64,9.018878,60,63
2,1024,800,2,16,2,0.477157,60,60
2,1024,800,2,16,4,0.43077,60,60
2,1024,800,2,16,8,0.533905,60,60
2,1024,800,2,16,16,3.867493,60,61
2,1024,800,2,16,32,4.893319,60,62
2,1024,800,2,32,2,0.465281,60,61
2,1024,800,2,32,4,0.443861,60,61
2,1024,800,2,32,8,0.545862,60,60
2,1024,800,2,32,16,3.793111,60,61
2,1024,800,2,64,2,0.474535,60,61
2,1024,800,2,64,4,0.453228,60,60
2,1024,800,2,64,8,0.558606,60,60
2,1024,800,4,2,2,0.47017,60,60
2,1024,800,4,2,4,0.405784,60,60
2,1024,800,4,2,8,0.47509,60,60
2,1024,800,4,2,16,3.03893,60,61
2,1024,800,4,2,32,4.287881,60,62
2,1024,800,4,2,64,7.047112,60,62
2,1024,800,4,4,2,0.449624,60,61
2,1024,800,4,4,4,0.426239,60,60
2,1024,800,4,4,8,0.524251,60,60
2,1024,800,4,4,16,3.845201,60,61
2,1024,800,4,4,32,4.811959,60,62
2,1024,800,4,4,64,7.631637,60,62
2,1024,800,4,8,2,0.468431,60,60
2,1024,800,4,8,4,0.440092,60,60
2,1024,800,4,8,8,0.534494,60,60
2,1024,800,4,8,16,3.882792,60,61
2,1024,800,4,8,32,4.846489,60,62
2,1024,800,4,16,2,0.472684,60,61
2,1024,800,4,16,4,0.442401,60,60
2,1024,800,4,16,8,0.547892,60,60
2,1024,800,4,16,16,3.906057,60,61
2,1024,800,4,32,2,0.474823,60,61
2,1024,800,4,32,4,0.452547,60,60
2,1024,800,4,32,8,0.559687,60,60
2,1024,800,4,64,2,0.482505,60,60
2,1024,800,4,64,4,0.46242,60,60
2,1024,800,8,2,2,0.442809,60,60
2,1024,800,8,2,4,0.399327,60,60
2,1024,800,8,2,8,0.48393,60,60
2,1024,800,8,2,16,3.016284,60,61
2,1024,800,8,2,32,4.342981,60,62
2,1024,800,8,2,64,7.113,60,62
2,1024,800,8,4,2,0.431798,60,61
2,1024,800,8,4,4,0.426119,60,60
2,1024,800,8,4,8,0.533092,60,60
2,1024,800,8,4,16,3.892731,60,61
2,1024,800,8,4,32,4.831975,60,62
2,1024,800,8,8,2,0.461877,60,60
2,1024,800,8,8,4,0.444314,60,60
2,1024,800,8,8,8,0.54981,60,61
2,1024,800,8,8,16,3.891162,60,61
2,1024,800,8,16,2,0.473608,60,61
2,1024,800,8,16,4,0.45207,60,61
2,1024,800,8,16,8,0.561339,60,61
2,1024,800,8,32,2,0.485078,60,61
2,1024,800,8,32,4,0.463187,60,60
2,1024,800,8,64,2,0.497913,60,60
2,1024,800,16,2,2,0.425568,60,60
2,1024,800,16,2,4,0.398035,60,60
2,1024,800,16,2,8,0.496452,60,60
2,1024,800,16,2,16,3.025989,60,61
2,1024,800,16,2,32,4.359028,60,62
2,1024,800,16,4,2,0.422292,60,61
2,1024,800,16,4,4,0.431842,60,60
2,1024,800,16,4,8,0.544631,60,61
2,1024,800,16,4,16,3.898305,60,61
2,1024,800,16,8,2,0.466548,60,61
2,1024,800,16,8,4,0.452597,60,61
2,1024,800,16,8,8,0.561578,60,60
2,1024,800,16,16,2,0.484329,60,61
2,1024,800,16,16,4,0.461371,60,61
2,1024,800,16,32,2,0.498174,60,60
2,1024,800,32,2,2,0.417654,60,60
2,1024,800,32,2,4,0.402987,60,60
2,1024,800,32,2,8,0.510643,60,60
2,1024,800,32,2,16,3.06947,60,61
2,1024,800,32,4,2,0.423125,60,61
2,1024,800,32,4,4,0.439245,60,60
2,1024,800,32,4,8,0.555509,60,60
2,1024,800,32,8,2,0.474912,60,60
2,1024,800,32,8,4,0.460317,60,60
2,1024,800,32,16,2,0.495011,60,60
2,1024,800,64,2,2,0.41787,60,60
2,1024,800,64,2,4,0.411624,60,60
2,1024,800,64,2,8,0.529066,60,60
2,1024,800,64,4,2,0.431335,60,60
2,1024,800,64,4,4,0.452451,60,60
2,1024,800,64,8,2,0.490576,60,60
4,-1,800,-1,-1,-1,1.501627,60,61
4,128,800,2,2,2,0.495688,60,61
4,128,800,2,2,4,0.425545,60,60
4,128,800,2,2,8,0.700797,60,61
4,128,800,2,2,16,4.901746,60,62
4,128,800,2,2,32,5.599526,60,63
4,128,800,2,2,64,8.772009,60,63
4,128,800,2,4,2,0.475146,60,61
4,128,800,2,4,4,0.46797,60,61
4,128,800,2,4,8,1.009724,60,61
4,128,800,2,4,16,5.451652,60,62
4,128,800,2,4,32,6.570333,60,63
4,128,800,2,4,64,9.721427,60,63
4,128,800,2,8,2,0.500833,60,61
4,128,800,2,8,4,0.475651,60,61
4,128,800,2,8,8,1.130551,60,61
4,128,800,2,8,16,6.02956,60,62
4,128,800,2,8,32,6.983747,60,63
4,128,800,2,8,64,11.917197,60,64
4,128,800,2,16,2,0.489166,60,61
4,128,800,2,16,4,0.459816,60,61
4,128,800,2,16,8,1.261678,60,61
4,128,800,2,16,16,6.097337,60,62
4,128,800,2,16,32,7.025672,60,63
4,128,800,2,32,2,0.470024,60,61
4,128,800,2,32,4,0.476268,60,60
4,128,800,2,32,8,1.220441,60,61
4,128,800,2,32,16,6.069393,60,62
4,128,800,2,64,2,0.485631,60,61
4,128,800,2,64,4,0.487224,60,61
4,128,800,2,64,8,1.237069,60,61
4,128,800,4,2,2,0.437419,60,61
4,128,800,4,2,4,0.413272,60,61
4,128,800,4,2,8,0.680345,60,61
4,128,800,4,2,16,4.889282,60,62
4,128,800,4,2,32,5.73036,60,63
4,128,800,4,2,64,9.375002,60,63
4,128,800,4,4,2,0.443402,60,61
4,128,800,4,4,4,0.457899,60,61
4,128,800,4,4,8,0.979538,60,61
4,128,800,4,4,16,5.594856,60,62
4,128,800,4,4,32,6.764429,60,63
4,128,800,4,4,64,10.098336,60,64
4,128,800,4,8,2,0.483064,60,61
4,128,800,4,8,4,0.475612,60,60
4,128,800,4,8,8,1.186722,60,61
4,128,800,4,8,16,6.203622,60,62
4,128,800,4,8,32,7.228949,60,63
4,128,800,4,16,2,0.484271,60,61
4,128,800,4,16,4,0.473868,60,60
4,128,800,4,16,8,1.29418,60,61
4,128,800,4,16,16,6.314235,60,62
4,128,800,4,32,2,0.485571,60,61
4,128,800,4,32,4,0.483426,60,61
4,128,800,4,32,8,1.277936,60,61
4,128,800,4,64,2,0.492425,60,60
4,128,800,4,64,4,0.497349,60,60
4,128,800,8,2,2,0.40579,60,60
4,128,800,8,2,4,0.405358,60,60
4,128,800,8,2,8,0.71614,60,60
4,128,800,8,2,16,4.869943,60,62
4,128,800,8,2,32,5.918522,60,62
4,128,800,8,2,64,9.788442,60,63
4,128,800,8,4,2,0.425419,60,61
4,128,800,8,4,4,0.45762,60,60
4,128,800,8,4,8,0.991324,60,61
4,128,800,8,4,16,5.787604,60,62
4,128,800,8,4,32,6.845931,60,63
4,128,800,8,8,2,0.479897,60,61
4,128,800,8,8,4,0.479352,60,60
4,128,800,8,8,8,1.276582,60,61
4,128,800,8,8,16,6.275241,60,62
4,128,800,8,16,2,0.487825,60,61
4,128,800,8,16,4,0.485964,60,60
4,128,800,8,16,8,1.374148,60,61
4,128,800,8,32,2,0.494599,60,60
4,128,800,8,32,4,0.498778,60,60
4,128,800,8,64,2,0.512665,60,60
4,128,800,16,2,2,0.392494,60,60
4,128,800,16,2,4,0.403613,60,60
4,128,800,16,2,8,0.736479,60,61
4,128,800,16,2,16,4.889222,60,62
4,128,800,16,2,32,6.05173,60,63
4,128,800,16,4,2,0.418364,60,61
4,128,800,16,4,4,0.46143,60,60
4,128,800,16,4,8,1.041483,60,61
4,128,800,16,4,16,5.843284,60,62
4,128,800,16,8,2,0.483688,60,61
4,128,800,16,8,4,0.489234,60,61
4,128,800,16,8,8,1.338541,60,61
4,128,800,16,16,2,0.499911,60,61
4,128,800,16,16,4,0.498175,60,61
4,128,800,16,32,2,0.512498,60,61
4,128,800,32,2,2,0.387719,60,60
4,128,800,32,2,4,0.409518,60,60
4,128,800,32,2,8,0.767084,60,61
4,128,800,32,2,16,4.903948,60,62
4,128,800,32,4,2,0.423537,60,61
4,128,800,32,4,4,0.469158,60,60
4,128,800,32,4,8,1.095605,60,61
4,128,800,32,8,2,0.492898,60,60
4,128,800,32,8,4,0.496472,60,60
4,128,800,32,16,2,0.5104,60,60
4,128,800,64,2,2,0.393549,60,60
4,128,800,64,2,4,0.426185,60,60
4,128,800,64,2,8,0.810127,60,61
4,128,800,64,4,2,0.441711,60,60
4,128,800,64,4,4,0.481371,60,61
4,128,800,64,8,2,0.507784,60,60
4,256,800,2,2,2,0.495462,60,61
4,256,800,2,2,4,0.432456,60,61
4,256,800,2,2,8,0.700927,60,61
4,256,800,2,2,16,4.901856,60,62
4,256,800,2,2,32,5.601136,60,63
4,256,800,2,2,64,8.759143,60,63
4,256,800,2,4,2,0.475176,60,61
4,256,800,2,4,4,0.468225,60,61
4,256,800,2,4,8,1.007524,60,61
4,256,800,2,4,16,5.449409,60,62
4,256,800,2,4,32,6.573338,60,63
4,256,800,2,4,64,9.705679,60,64
4,256,800,2,8,2,0.500903,60,61
4,256,800,2,8,4,0.475678,60,61
4,256,800,2,8,8,1.12946,60,61
4,256,800,2,8,16,6.032354,60,62
4,256,800,2,8,32,6.979534,60,63
4,256,800,2,8,64,11.926096,60,64
4,256,800,2,16,2,0.489235,60,61
4,256,800,2,16,4,0.459762,60,60
4,256,800,2,16,8,1.26119,60,61
4,256,800,2,16,16,6.107417,60,62
4,256,800,2,16,32,7.032613,60,63
4,256,800,2,32,2,0.470019,60,60
4,256,800,2,32,4,0.476271,60,60
4,256,800,2,32,8,1.219651,60,61
4,256,800,2,32,16,6.081927,60,62
4,256,800,2,64,2,0.485877,60,61
4,256,800,2,64,4,0.48722,60,61
4,256,800,2,64,8,1.235905,60,61
4,256,800,4,2,2,0.432474,60,60
4,256,800,4,2,4,0.413331,60,60
4,256,800,4,2,8,0.679959,60,61
4,256,800,4,2,16,4.892472,60,62
4,256,800,4,2,32,5.730937,60,62
4,256,800,4,2,64,9.370986,60,63
4,256,800,4,4,2,0.443203,60,61
4,256,800,4,4,4,0.457765,60,60
4,256,800,4,4,8,0.981725,60,61
4,256,800,4,4,16,5.593111,60,62
4,256,800,4,4,32,6.761927,60,63
4,256,800,4,4,64,10.096653,60,63
4,256,800,4,8,2,0.482972,60,61
4,256,800,4,8,4,0.479475,60,60
4,256,800,4,8,8,1.183502,60,61
4,256,800,4,8,16,6.204573,60,62
4,256,800,4,8,32,7.216097,60,63
4,256,800,4,16,2,0.484662,60,61
4,256,800,4,16,4,0.47404,60,61
4,256,800,4,16,8,1.292403,60,61
4,256,800,4,16,16,6.314321,60,62
4,256,800,4,32,2,0.485742,60,61
4,256,800,4,32,4,0.483274,60,61
4,256,800,4,32,8,1.280226,60,61
4,256,800,4,64,2,0.49318,60,61
4,256,800,4,64,4,0.49735,60,61
4,256,800,8,2,2,0.406095,60,61
4,256,800,8,2,4,0.405024,60,60
4,256,800,8,2,8,0.716098,60,61
4,256,800,8,2,16,4.873346,60,62
4,256,800,8,2,32,5.918039,60,63
4,256,800,8,2,64,9.789757,60,63
4,256,800,8,4,2,0.425361,60,61
4,256,800,8,4,4,0.461166,60,60
4,256,800,8,4,8,0.990226,60,61
4,256,800,8,4,16,5.786555,60,62
4,256,800,8,4,32,6.832123,60,63
4,256,800,8,8,2,0.479662,60,61
4,256,800,8,8,4,0.479138,60,60
4,256,800,8,8,8,1.273574,60,61
4,256,800,8,8,16,6.275203,60,62
4,256,800,8,16,2,0.487805,60,61
4,256,800,8,16,4,0.48594,60,61
4,256,800,8,16,8,1.372169,60,61
4,256,800,8,32,2,0.495107,60,60
4,256,800,8,32,4,0.498322,60,60
4,256,800,8,64,2,0.51273,60,60
4,256,800,16,2,2,0.392156,60,60
4,256,800,16,2,4,0.403652,60,60
4,256,800,16,2,8,0.730093,60,60
4,256,800,16,2,16,4.892318,60,62
4,256,800,16,2,32,6.054796,60,63
4,256,800,16,4,2,0.418827,60,61
4,256,800,16,4,4,0.46204,60,60
4,256,800,16,4,8,1.043772,60,61
4,256,800,16,4,16,5.843918,60,62
4,256,800,16,8,2,0.483801,60,61
4,256,800,16,8,4,0.488898,60,60
4,256,800,16,8,8,1.339532,60,61
4,256,800,16,16,2,0.499933,60,60
4,256,800,16,16,4,0.498125,60,60
4,256,800,16,32,2,0.512719,60,60
4,256,800,32,2,2,0.38729,60,60
4,256,800,32,2,4,0.409431,60,60
4,256,800,32,2,8,0.767915,60,60
4,256,800,32,2,16,4.906405,60,62
4,256,800,32,4,2,0.423526,60,60
4,256,800,32,4,4,0.469106,60,61
4,256,800,32,4,8,1.093661,60,61
4,256,800,32,8,2,0.492958,60,60
4,256,800,32,8,4,0.496506,60,60
4,256,800,32,16,2,0.510454,60,60
4,256,800,64,2,2,0.393707,60,60
4,256,800,64,2,4,0.426055,60,60
4,256,800,64,2,8,0.810183,60,60
4,256,800,64,4,2,0.441851,60,60
4,256,800,64,4,4,0.481286,60,60
4,256,800,64,8,2,0.507968,60,60
4,512,800,2,2,2,0.495455,60,60
4,512,800,2,2,4,0.42571,60,60
4,512,800,2,2,8,0.700657,60,61
4,512,800,2,2,16,4.901924,60,62
4,512,800,2,2,32,5.601408,60,63
4,512,800,2,2,64,8.764472,60,63
4,512,800,2,4,2,0.475292,60,61
4,512,800,2,4,4,0.468427,60,61
4,512,800,2,4,8,1.00718,60,61
4,512,800,2,4,16,5.447847,60,62
4,512,800,2,4,32,6.572616,60,63
4,512,800,2,4,64,9.718618,60,63
4,512,800,2,8,2,0.500739,60,61
4,512,800,2,8,4,0.475763,60,61
4,512,800,2,8,8,1.124169,60,61
4,512,800,2,8,16,6.0331,60,62
4,512,800,2,8,32,6.979132,60,63
4,512,800,2,8,64,11.915043,60,64
4,512,800,2,16,2,0.489024,60,61
4,512,800,2,16,4,0.459905,60,60
4,512,800,2,16,8,1.258902,60,61
4,512,800,2,16,16,6.098947,60,63
4,512,800,2,16,32,7.037709,60,63
4,512,800,2,32,2,0.469822,60,60
4,512,800,2,32,4,0.476163,60,61
4,512,800,2,32,8,1.219037,60,61
4,512,800,2,32,16,6.080006,60,62
4,512,800,2,64,2,0.485677,60,61
4,512,800,2,64,4,0.487115,60,60
4,512,800,2,64,8,1.24059,60,61
4,512,800,4,2,2,0.43221,60,60
4,512,800,4,2,4,0.412727,60,60
4,512,800,4,2,8,0.680957,60,60
4,512,800,4,2,16,4.888339,60,62
4,512,800,4,2,32,5.729291,60,62
4,512,800,4,2,64,9.383598,60,63
4,512,800,4,4,2,0.443437,60,61
4,512,800,4,4,4,0.458061,60,60
4,512,800,4,4,8,0.976937,60,61
4,512,800,4,4,16,5.597252,60,62
4,512,800,4,4,32,6.762544,60,63
4,512,800,4,4,64,10.116326,60,63
4,512,800,4,8,2,0.483115,60,61
4,512,800,4,8,4,0.475072,60,61
4,512,800,4,8,8,1.184522,60,61
4,512,800,4,8,16,6.204995,60,62
4,512,800,4,8,32,7.234271,60,63
4,512,800,4,16,2,0.484601,60,61
4,512,800,4,16,4,0.473934,60,60
4,512,800,4,16,8,1.298342,60,61
4,512,800,4,16,16,6.316002,60,62
4,512,800,4,32,2,0.485931,60,61
4,512,800,4,32,4,0.483399,60,60
4,512,800,4,32,8,1.280972,60,61
4,512,800,4,64,2,0.493026,60,60
4,512,800,4,64,4,0.497251,60,60
4,512,800,8,2,2,0.406153,60,60
4,512,800,8,2,4,0.405709,60,60
4,512,800,8,2,8,0.716036,60,61
4,512,800,8,2,16,4.873817,60,62
4,512,800,8,2,32,5.91698,60,63
4,512,800,8,2,64,9.793841,60,63
4,512,800,8,4,2,0.425399,60,61
4,512,800,8,4,4,0.457777,60,61
4,512,800,8,4,8,0.99539,60,61
4,512,800,8,4,16,5.788918,60,62
4,512,800,8,4,32,6.837943,60,63
4,512,800,8,8,2,0.479816,60,61
4,512,800,8,8,4,0.479077,60,61
4,512,800,8,8,8,1.274406,60,61
4,512,800,8,8,16,6.273085,60,62
4,512,800,8,16,2,0.487867,60,61
4,512,800,8,16,4,0.485919,60,61
4,512,800,8,16,8,1.370525,60,61
4,512,800,8,32,2,0.495118,60,61
4,512,800,8,32,4,0.498776,60,60
4,512,800,8,64,2,0.512616,60,61
4,512,800,16,2,2,0.392327,60,61
4,512,800,16,2,4,0.403884,60,61
4,512,800,16,2,8,0.730747,60,61
4,512,800,16,2,16,4.895219,60,62
4,512,800,16,2,32,6.050657,60,63
4,512,800,16,4,2,0.418871,60,61
4,512,800,16,4,4,0.461946,60,60
4,512,800,16,4,8,1.042574,60,61
4,512,800,16,4,16,5.8434,60,62
4,512,800,16,8,2,0.483885,60,61
4,512,800,16,8,4,0.48896,60,60
4,512,800,16,8,8,1.34308,60,61
4,512,800,16,16,2,0.49973,60,60
4,512,800,16,16,4,0.498051,60,60
4,512,800,16,32,2,0.512477,60,60
4,512,800,32,2,2,0.387673,60,60
4,512,800,32,2,4,0.409535,60,60
4,512,800,32,2,8,0.767136,60,60
4,512,800,32,2,16,4.908782,60,62
4,512,800,32,4,2,0.423595,60,61
4,512,800,32,4,4,0.468968,60,60
4,512,800,32,4,8,1.094386,60,61
4,512,800,32,8,2,0.492962,60,61
4,512,800,32,8,4,0.496298,60,61
4,512,800,32,16,2,0.510433,60,60
4,512,800,64,2,2,0.393386,60,60
4,512,800,64,2,4,0.426418,60,60
4,512,800,64,2,8,0.810875,60,61
4,512,800,64,4,2,0.441839,60,60
4,512,800,64,4,4,0.481248,60,60
4,512,800,64,8,2,0.50779,60,60
4,1024,800,2,2,2,0.495482,60,60
4,1024,800,2,2,4,0.425653,60,60
4,1024,800,2,2,8,0.701232,60,60
4,1024,800,2,2,16,4.902939,60,62
4,1024,800,2,2,32,5.604315,60,62
4,1024,800,2,2,64,8.771342,60,63
4,1024,800,2,4,2,0.475193,60,61
4,1024,800,2,4,4,0.468812,60,61
4,1024,800,2,4,8,1.008046,60,61
4,1024,800,2,4,16,5.450766,60,62
4,1024,800,2,4,32,6.572828,60,63
4,1024,800,2,4,64,9.717027,60,63
4,1024,800,2,8,2,0.500785,60,61
4,1024,800,2,8,4,0.475583,60,60
4,1024,800,2,8,8,1.131189,60,61
4,1024,800,2,8,16,6.031184,60,62
4,1024,800,2,8,32,6.976532,60,63
4,1024,800,2,8,64,11.928856,60,64
4,1024,800,2,16,2,0.489282,60,61
4,1024,800,2,16,4,0.459945,60,60
4,1024,800,2,16,8,1.255853,60,61
4,1024,800,2,16,16,6.091818,60,62
4,1024,800,2,16,32,7.032786,60,63
4,1024,800,2,32,2,0.470087,60,61
4,1024,800,2,32,4,0.476193,60,61
4,1024,800,2,32,8,1.218846,60,61
4,1024,800,2,32,16,6.079938,60,62
4,1024,800,2,64,2,0.486112,60,61
4,1024,800,2,64,4,0.487385,60,60
4,1024,800,2,64,8,1.240329,60,61
4,1024,800,4,2,2,0.43204,60,60
4,1024,800,4,2,4,0.412744,60,60
4,1024,800,4,2,8,0.681015,60,61
4,1024,800,4,2,16,4.892727,60,62
4,1024,800,4,2,32,5.72851,60,63
4,1024,800,4,2,64,9.375638,60,63
4,1024,800,4,4,2,0.443418,60,61
4,1024,800,4,4,4,0.458248,60,61
4,1024,800,4,4,8,0.979873,60,61
4,1024,800,4,4,16,5.597093,60,62
4,1024,800,4,4,32,6.769048,60,63
4,1024,800,4,4,64,10.109584,60,63
4,1024,800,4,8,2,0.483203,60,61
4,1024,800,4,8,4,0.475274,60,61
4,1024,800,4,8,8,1.18571,60,61
4,1024,800,4,8,16,6.20525,60,62
4,1024,800,4,8,32,7.219958,60,63
4,1024,800,4,16,2,0.484554,60,61
4,1024,800,4,16,4,0.477305,60,61
4,1024,800,4,16,8,1.294586,60,61
4,1024,800,4,16,16,6.314872,60,62
4,1024,800,4,32,2,0.485814,60,61
4,1024,800,4,32,4,0.483496,60,61
4,1024,800,4,32,8,1.281253,60,61
4,1024,800,4,64,2,0.492985,60,60
4,1024,800,4,64,4,0.497472,60,60
4,1024,800,8,2,2,0.405987,60,60
4,1024,800,8,2,4,0.405726,60,60
4,1024,800,8,2,8,0.716409,60,60
4,1024,800,8,2,16,4.87344,60,62
4,1024,800,8,2,32,5.915966,60,63
4,1024,800,8,2,64,9.798668,60,63
4,1024,800,8,4,2,0.425295,60,60
4,1024,800,8,4,4,0.457784,60,61
4,1024,800,8,4,8,0.996271,60,61
4,1024,800,8,4,16,5.785695,60,62
4,1024,800,8,4,32,6.839133,60,63
4,1024,800,8,8,2,0.479922,60,61
4,1024,800,8,8,4,0.479199,60,60
4,1024,800,8,8,8,1.272875,60,61
4,1024,800,8,8,16,6.272027,60,62
4,1024,800,8,16,2,0.487933,60,61
4,1024,800,8,16,4,0.486081,60,61
4,1024,800,8,16,8,1.370565,60,61
4,1024,800,8,32,2,0.494816,60,61
4,1024,800,8,32,4,0.498607,60,60
4,1024,800,8,64,2,0.51264,60,61
4,1024,800,16,2,2,0.392328,60,61
4,1024,800,16,2,4,0.403867,60,61
4,1024,800,16,2,8,0.730321,61,61
4,1024,800,16,2,16,4.891571,60,62
4,1024,800,16,2,32,6.048849,60,63
4,1024,800,16,4,2,0.418991,60,61
4,1024,800,16,4,4,0.461967,60,61
4,1024,800,16,4,8,1.041238,60,61
4,1024,800,16,4,16,5.841106,60,62
4,1024,800,16,8,2,0.483707,60,61
4,1024,800,16,8,4,0.488931,60,61
4,1024,800,16,8,8,1.342227,60,61
4,1024,800,16,16,2,0.499642,60,60
4,1024,800,16,16,4,0.498314,60,60
4,1024,800,16,32,2,0.512729,60,61
4,1024,800,32,2,2,0.387354,60,60
4,1024,800,32,2,4,0.409369,60,60
4,1024,800,32,2,8,0.770328,60,61
4,1024,800,32,2,16,4.905609,60,62
4,1024,800,32,4,2,0.42311,60,61
4,1024,800,32,4,4,0.468978,60,61
4,1024,800,32,4,8,1.094789,60,61
4,1024,800,32,8,2,0.4928,60,60
4,1024,800,32,8,4,0.496479,60,60
4,1024,800,32,16,2,0.51022,60,61
4,1024,800,64,2,2,0.39374,60,61
4,1024,800,64,2,4,0.42673,60,61
4,1024,800,64,2,8,0.811521,60,61
4,1024,800,64,4,2,0.441946,60,61
4,1024,800,64,4,4,0.481176,60,61
4,1024,800,64,8,2,0.50773,60,60
8,-1,800,-1,-1,-1,2.275595,60,61
8,128,800,2,2,2,0.729596,61,61
8,128,800,2,2,4,0.676239,60,61
8,128,800,2,2,8,2.956464,60,62
8,128,800,2,2,16,7.417142,60,63
8,128,800,2,2,32,8.314201,60,63
8,128,800,2,2,64,11.071764,60,64
8,128,800,2,4,2,0.624076,60,61
8,128,800,2,4,4,0.703637,60,61
8,128,800,2,4,8,3.927862,60,62
8,128,800,2,4,16,8.006255,60,63
8,128,800,2,4,32,9.350546,60,64
8,128,800,2,4,64,11.629191,60,64
8,128,800,2,8,2,0.612147,60,61
8,128,800,2,8,4,0.736914,60,61
8,128,800,2,8,8,4.454757,60,62
8,128,800,2,8,16,9.258777,60,63
8,128,800,2,8,32,10.696997,60,64
8,128,800,2,8,64,15.2265,60,65
8,128,800,2,16,2,0.583891,60,61
8,128,800,2,16,4,0.725271,60,61
8,128,800,2,16,8,4.825334,60,62
8,128,800,2,16,16,9.655418,60,64
8,128,800,2,16,32,10.794792,60,64
8,128,800,2,32,2,0.541152,60,61
8,128,800,2,32,4,0.746751,60,61
8,128,800,2,32,8,4.953187,60,62
8,128,800,2,32,16,9.718109,60,64
8,128,800,2,64,2,0.547466,60,61
8,128,800,2,64,4,0.811889,60,61
8,128,800,2,64,8,4.982556,60,62
8,128,800,4,2,2,0.506624,60,61
8,128,800,4,2,4,0.609485,60,61
8,128,800,4,2,8,3.118938,60,62
8,128,800,4,2,16,7.489081,60,63
8,128,800,4,2,32,8.471429,60,64
8,128,800,4,2,64,11.591599,60,64
8,128,800,4,4,2,0.559348,61,61
8,128,800,4,4,4,0.655536,60,61
8,128,800,4,4,8,3.978023,60,62
8,128,800,4,4,16,8.123307,60,63
8,128,800,4,4,32,9.488761,60,64
8,128,800,4,4,64,12.000686,60,64
8,128,800,4,8,2,0.567596,60,61
8,128,800,4,8,4,0.727043,60,61
8,128,800,4,8,8,4.528425,60,62
8,128,800,4,8,16,9.433303,60,63
8,128,800,4,8,32,10.849816,60,64
8,128,800,4,16,2,0.560432,60,61
8,128,800,4,16,4,0.752282,60,61
8,128,800,4,16,8,4.914441,60,62
8,128,800,4,16,16,9.814922,60,64
8,128,800,4,32,2,0.549438,60,61
8,128,800,4,32,4,0.769267,60,61
8,128,800,4,32,8,5.02087,60,62
8,128,800,4,64,2,0.544529,60,61
8,128,800,4,64,4,0.864762,60,61
8,128,800,8,2,2,0.406406,60,61
8,128,800,8,2,4,0.567175,60,61
8,128,800,8,2,8,3.341167,60,62
8,128,800,8,2,16,7.602921,60,63
8,128,800,8,2,32,8.596598,60,64
8,128,800,8,2,64,12.290625,60,64
8,128,800,8,4,2,0.507877,60,61
8,128,800,8,4,4,0.649827,60,61
8,128,800,8,4,8,4.052284,60,62
8,128,800,8,4,16,8.335189,60,63
8,128,800,8,4,32,9.70657,60,64
8,128,800,8,8,2,0.549158,60,61
8,128,800,8,8,4,0.741275,60,61
8,128,800,8,8,8,4.642976,60,62
8,128,800,8,8,16,9.727686,60,64
8,128,800,8,16,2,0.553032,60,61
8,128,800,8,16,4,0.806374,60,61
8,128,800,8,16,8,5.068558,60,62
8,128,800,8,32,2,0.547734,60,61
8,128,800,8,32,4,0.861542,60,61
8,128,800,8,64,2,0.569079,60,60
8,128,800,16,2,2,0.369144,60,60
8,128,800,16,2,4,0.550498,60,61
8,128,800,16,2,8,3.487497,60,62
8,128,800,16,2,16,7.766937,60,63
8,128,800,16,2,32,8.847198,60,64
8,128,800,16,4,2,0.487919,60,61
8,128,800,16,4,4,0.677941,60,61
8,128,800,16,4,8,4.157083,60,62
8,128,800,16,4,16,8.526141,60,63
8,128,800,16,8,2,0.543733,61,61
8,128,800,16,8,4,0.787659,60,61
8,128,800,16,8,8,4.778296,60,62
8,128,800,16,16,2,0.565011,60,61
8,128,800,16,16,4,0.879286,60,61
8,128,800,16,32,2,0.568755,60,60
8,128,800,32,2,2,0.351961,60,61
8,128,800,32,2,4,0.551858,60,61
8,128,800,32,2,8,3.587444,60,61
8,128,800,32,2,16,7.892744,60,63
8,128,800,32,4,2,0.474991,60,61
8,128,800,32,4,4,0.710264,60,61
8,128,800,32,4,8,4.246353,60,62
8,128,800,32,8,2,0.549227,60,61
8,128,800,32,8,4,0.848589,60,61
8,128,800,32,16,2,0.570759,60,61
8,128,800,64,2,2,0.352263,60,60
8,128,800,64,2,4,0.585799,60,60
8,128,800,64,2,8,3.731797,60,62
8,128,800,64,4,2,0.479892,60,61
8,128,800,64,4,4,0.76137,60,61
8,128,800,64,8,2,0.561143,60,61
8,256,800,2,2,2,0.729385,60,61
8,256,800,2,2,4,0.676045,60,61
8,256,800,2,2,8,2.956599,60,62
8,256,800,2,2,16,7.416185,60,63
8,256,800,2,2,32,8.316117,60,64
8,256,800,2,2,64,11.080529,60,64
8,256,800,2,4,2,0.624413,60,61
8,256,800,2,4,4,0.703471,60,61
8,256,800,2,4,8,3.928003,60,62
8,256,800,2,4,16,8.003282,60,63
8,256,800,2,4,32,9.35241,60,64
8,256,800,2,4,64,11.611776,60,64
8,256,800,2,8,2,0.612005,60,61
8,256,800,2,8,4,0.739992,60,61
8,256,800,2,8,8,4.453188,60,62
8,256,800,2,8,16,9.260823,60,64
8,256,800,2,8,32,10.699205,60,64
8,256,800,2,8,64,15.16658,60,65
8,256,800,2,16,2,0.583906,60,61
8,256,800,2,16,4,0.719991,60,61
8,256,800,2,16,8,4.828216,60,62
8,256,800,2,16,16,9.652049,60,63
8,256,800,2,16,32,10.814854,60,64
8,256,800,2,32,2,0.541298,60,61
8,256,800,2,32,4,0.746965,60,60
8,256,800,2,32,8,4.955201,60,62
8,256,800,2,32,16,9.714352,60,64
8,256,800,2,64,2,0.548191,60,61
8,256,800,2,64,4,0.811403,60,61
8,256,800,2,64,8,4.986389,60,62
8,256,800,4,2,2,0.505806,60,61
8,256,800,4,2,4,0.60685,60,61
8,256,800,4,2,8,3.119147,60,61
8,256,800,4,2,16,7.490151,60,63
8,256,800,4,2,32,8.474236,60,64
8,256,800,4,2,64,11.585846,60,64
8,256,800,4,4,2,0.558432,60,61
8,256,800,4,4,4,0.65568,60,61
8,256,800,4,4,8,3.978902,60,62
8,256,800,4,4,16,8.123251,60,63
8,256,800,4,4,32,9.489106,60,64
8,256,800,4,4,64,11.996505,60,64
8,256,800,4,8,2,0.567537,60,61
8,256,800,4,8,4,0.727138,60,61
8,256,800,4,8,8,4.526558,60,62
8,256,800,4,8,16,9.435174,60,64
8,256,800,4,8,32,10.86257,60,64
8,256,800,4,16,2,0.560503,60,61
8,256,800,4,16,4,0.751668,60,61
8,256,800,4,16,8,4.921568,60,62
8,256,800,4,16,16,9.810977,60,64
8,256,800,4,32,2,0.549409,60,61
8,256,800,4,32,4,0.77043,60,61
8,256,800,4,32,8,5.019909,60,62
8,256,800,4,64,2,0.541249,60,61
8,256,800,4,64,4,0.863356,60,61
8,256,800,8,2,2,0.408383,60,61
8,256,800,8,2,4,0.567233,60,61
8,256,800,8,2,8,3.342467,60,62
8,256,800,8,2,16,7.605816,60,63
8,256,800,8,2,32,8.59476,60,64
8,256,800,8,2,64,12.287318,61,64
8,256,800,8,4,2,0.507898,60,61
8,256,800,8,4,4,0.649802,60,61
8,256,800,8,4,8,4.050392,60,62
8,256,800,8,4,16,8.333028,60,63
8,256,800,8,4,32,9.707942,60,64
8,256,800,8,8,2,0.549564,60,61
8,256,800,8,8,4,0.740738,60,61
8,256,800,8,8,8,4.63483,60,62
8,256,800,8,8,16,9.726204,60,64
8,256,800,8,16,2,0.552991,60,61
8,256,800,8,16,4,0.806127,60,61
8,256,800,8,16,8,5.070903,60,62
8,256,800,8,32,2,0.547775,60,61
8,256,800,8,32,4,0.861161,60,61
8,256,800,8,64,2,0.568971,60,61
8,256,800,16,2,2,0.369161,60,61
8,256,800,16,2,4,0.550324,60,61
8,256,800,16,2,8,3.489285,60,62
8,256,800,16,2,16,7.761393,60,63
8,256,800,16,2,32,8.853876,60,64
8,256,800,16,4,2,0.482107,61,61
8,256,800,16,4,4,0.676466,60,61
8,256,800,16,4,8,4.157747,60,62
8,256,800,16,4,16,8.526893,60,63
8,256,800,16,8,2,0.543731,60,61
8,256,800,16,8,4,0.78776,60,61
8,256,800,16,8,8,4.777499,60,62
8,256,800,16,16,2,0.55918,60,61
8,256,800,16,16,4,0.879064,60,61
8,256,800,16,32,2,0.570156,60,60
8,256,800,32,2,2,0.358854,60,60
8,256,800,32,2,4,0.549588,60,61
8,256,800,32,2,8,3.58818,60,62
8,256,800,32,2,16,7.885982,60,63
8,256,800,32,4,2,0.475071,60,61
8,256,800,32,4,4,0.711106,60,61
8,256,800,32,4,8,4.238138,60,62
8,256,800,32,8,2,0.549171,60,61
8,256,800,32,8,4,0.848526,60,61
8,256,800,32,16,2,0.570755,60,61
8,256,800,64,2,2,0.352308,60,61
8,256,800,64,2,4,0.585571,60,61
8,256,800,64,2,8,3.732816,60,62
8,256,800,64,4,2,0.476288,60,61
8,256,800,64,4,4,0.760657,60,61
8,256,800,64,8,2,0.561134,60,61
8,512,800,2,2,2,0.729495,60,61
8,512,800,2,2,4,0.677524,60,61
8,512,800,2,2,8,2.956636,60,61
8,512,800,2,2,16,7.415848,61,63
8,512,800,2,2,32,8.313028,60,63
8,512,800,2,2,64,11.072953,60,64
8,512,800,2,4,2,0.624168,60,61
8,512,800,2,4,4,0.703786,60,61
8,512,800,2,4,8,3.927687,60,62
8,512,800,2,4,16,8.007115,60,63
8,512,800,2,4,32,9.351658,60,64
8,512,800,2,4,64,11.642737,60,64
8,512,800,2,8,2,0.612269,60,61
8,512,800,2,8,4,0.737481,60,61
8,512,800,2,8,8,4.45119,60,62
8,512,800,2,8,16,9.25832,60,64
8,512,800,2,8,32,10.69556,60,64
8,512,800,2,8,64,15.221338,60,65
8,512,800,2,16,2,0.583855,60,61
8,512,800,2,16,4,0.719288,60,61
8,512,800,2,16,8,4.830358,60,62
8,512,800,2,16,16,9.654692,60,64
8,512,800,2,16,32,10.827173,60,64
8,512,800,2,32,2,0.540914,60,61
8,512,800,2,32,4,0.747266,60,61
8,512,800,2,32,8,4.954048,60,62
8,512,800,2,32,16,9.71289,60,64
8,512,800,2,64,2,0.548173,60,61
8,512,800,2,64,4,0.811418,60,61
8,512,800,2,64,8,4.98701,60,62
8,512,800,4,2,2,0.505886,60,61
8,512,800,4,2,4,0.607085,60,61
8,512,800,4,2,8,3.121453,60,61
8,512,800,4,2,16,7.49019,60,63
8,512,800,4,2,32,8.472688,60,64
8,512,800,4,2,64,11.563303,60,64
8,512,800,4,4,2,0.558348,60,61
8,512,800,4,4,4,0.655635,60,61
8,512,800,4,4,8,3.977937,60,62
8,512,800,4,4,16,8.12558,60,63
8,512,800,4,4,32,9.492315,60,64
8,512,800,4,4,64,11.991812,60,64
8,512,800,4,8,2,0.567358,60,61
8,512,800,4,8,4,0.726457,60,61
8,512,800,4,8,8,4.526485,60,62
8,512,800,4,8,16,9.436505,60,64
8,512,800,4,8,32,10.861224,60,64
8,512,800,4,16,2,0.563042,60,61
8,512,800,4,16,4,0.751682,60,61
8,512,800,4,16,8,4.917252,60,62
8,512,800,4,16,16,9.81267,60,63
8,512,800,4,32,2,0.549255,60,61
8,512,800,4,32,4,0.769378,60,61
8,512,800,4,32,8,5.022738,60,62
8,512,800,4,64,2,0.539864,60,61
8,512,800,4,64,4,0.864068,60,61
8,512,800,8,2,2,0.40658,60,60
8,512,800,8,2,4,0.567377,60,61
8,512,800,8,2,8,3.345704,60,62
8,512,800,8,2,16,7.603642,60,63
8,512,800,8,2,32,8.59419,60,64
8,512,800,8,2,64,12.264073,60,65
8,512,800,8,4,2,0.507943,60,61
8,512,800,8,4,4,0.649888,60,61
8,512,800,8,4,8,4.047616,60,62
8,512,800,8,4,16,8.326904,60,63
8,512,800,8,4,32,9.708078,60,64
8,512,800,8,8,2,0.549383,60,61
8,512,800,8,8,4,0.74102,60,61
8,512,800,8,8,8,4.643722,60,62
8,512,800,8,8,16,9.727969,60,64
8,512,800,8,16,2,0.553229,60,61
8,512,800,8,16,4,0.813373,60,61
8,512,800,8,16,8,5.068548,60,62
8,512,800,8,32,2,0.547909,60,61
8,512,800,8,32,4,0.861509,60,61
8,512,800,8,64,2,0.569462,60,61
8,512,800,16,2,2,0.369001,60,61
8,512,800,16,2,4,0.550481,60,61
8,512,800,16,2,8,3.487812,60,62
8,512,800,16,2,16,7.767573,60,63
8,512,800,16,2,32,8.854032,60,64
8,512,800,16,4,2,0.481757,60,61
8,512,800,16,4,4,0.679326,60,61
8,512,800,16,4,8,4.154865,60,62
8,512,800,16,4,16,8.527255,60,63
8,512,800,16,8,2,0.545605,60,61
8,512,800,16,8,4,0.786781,60,61
8,512,800,16,8,8,4.77999,60,62
8,512,800,16,16,2,0.558953,60,61
8,512,800,16,16,4,0.877675,60,61
8,512,800,16,32,2,0.568684,60,61
8,512,800,32,2,2,0.351943,60,60
8,512,800,32,2,4,0.549612,60,61
8,512,800,32,2,8,3.587876,60,61
8,512,800,32,2,16,7.893639,60,63
8,512,800,32,4,2,0.477783,60,61
8,512,800,32,4,4,0.712372,60,61
8,512,800,32,4,8,4.241019,60,62
8,512,800,32,8,2,0.549479,60,61
8,512,800,32,8,4,0.847594,60,61
8,512,800,32,16,2,0.571405,60,61
8,512,800,64,2,2,0.3524,60,61
8,512,800,64,2,4,0.585975,60,61
8,512,800,64,2,8,3.737782,60,62
8,512,800,64,4,2,0.476495,60,60
8,512,800,64,4,4,0.758673,60,61
8,512,800,64,8,2,0.561163,60,60
8,1024,800,2,2,2,0.729397,60,61
8,1024,800,2,2,4,0.675772,60,61
8,1024,800,2,2,8,2.955351,60,61
8,1024,800,2,2,16,7.417064,60,63
8,1024,800,2,2,32,8.317189,60,64
8,1024,800,2,2,64,11.091373,60,64
8,1024,800,2,4,2,0.623743,60,61
8,1024,800,2,4,4,0.703877,60,61
8,1024,800,2,4,8,3.927987,60,62
8,1024,800,2,4,16,8.004166,60,63
8,1024,800,2,4,32,9.353753,60,64
8,1024,800,2,4,64,11.630979,60,64
8,1024,800,2,8,2,0.612045,60,61
8,1024,800,2,8,4,0.737292,60,61
8,1024,800,2,8,8,4.454226,60,62
8,1024,800,2,8,16,9.258051,60,64
8,1024,800,2,8,32,10.694681,60,64
8,1024,800,2,8,64,15.221,60,65
8,1024,800,2,16,2,0.587012,60,61
8,1024,800,2,16,4,0.719144,60,61
8,1024,800,2,16,8,4.830821,60,62
8,1024,800,2,16,16,9.656011,60,64
8,1024,800,2,16,32,10.795818,60,64
8,1024,800,2,32,2,0.541413,60,61
8,1024,800,2,32,4,0.747784,60,61
8,1024,800,2,32,8,4.954601,60,62
8,1024,800,2,32,16,9.717575,60,64
8,1024,800,2,64,2,0.54834,60,61
8,1024,800,2,64,4,0.812182,60,61
8,1024,800,2,64,8,4.980475,60,62
8,1024,800,4,2,2,0.505613,60,61
8,1024,800,4,2,4,0.607078,60,61
8,1024,800,4,2,8,3.120574,60,62
8,1024,800,4,2,16,7.489775,60,63
8,1024,800,4,2,32,8.473534,60,64
8,1024,800,4,2,64,11.559383,60,64
8,1024,800,4,4,2,0.558788,60,61
8,1024,800,4,4,4,0.655488,60,61
8,1024,800,4,4,8,3.978071,60,62
8,1024,800,4,4,16,8.123969,60,63
8,1024,800,4,4,32,9.485864,60,64
8,1024,800,4,4,64,12.003101,60,64
8,1024,800,4,8,2,0.574565,60,61
8,1024,800,4,8,4,0.726794,60,61
8,1024,800,4,8,8,4.526276,60,62
8,1024,800,4,8,16,9.434709,60,64
8,1024,800,4,8,32,10.848157,60,65
8,1024,800,4,16,2,0.560646,60,61
8,1024,800,4,16,4,0.75232,60,61
8,1024,800,4,16,8,4.919589,60,62
8,1024,800,4,16,16,9.813885,60,64
8,1024,800,4,32,2,0.549059,60,61
8,1024,800,4,32,4,0.774615,60,61
8,1024,800,4,32,8,5.023715,60,62
8,1024,800,4,64,2,0.541219,60,61
8,1024,800,4,64,4,0.864074,60,61
8,1024,800,8,2,2,0.406505,60,61
8,1024,800,8,2,4,0.567389,60,60
8,1024,800,8,2,8,3.339217,60,62
8,1024,800,8,2,16,7.601819,60,63
8,1024,800,8,2,32,8.595891,60,64
8,1024,800,8,2,64,12.269992,60,64
8,1024,800,8,4,2,0.507819,60,61
8,1024,800,8,4,4,0.64974,60,61
8,1024,800,8,4,8,4.050536,60,62
8,1024,800,8,4,16,8.320697,60,63
8,1024,800,8,4,32,9.70693,60,64
8,1024,800,8,8,2,0.549463,60,61
8,1024,800,8,8,4,0.741834,60,61
8,1024,800,8,8,8,4.642745,60,62
8,1024,800,8,8,16,9.728948,60,64
8,1024,800,8,16,2,0.553147,60,61
8,1024,800,8,16,4,0.806611,60,61
8,1024,800,8,16,8,5.070102,60,62
8,1024,800,8,32,2,0.549289,60,61
8,1024,800,8,32,4,0.861066,60,61
8,1024,800,8,64,2,0.568992,60,60
8,1024,800,16,2,2,0.369231,60,60
8,1024,800,16,2,4,0.550506,60,61
8,1024,800,16,2,8,3.484717,60,62
8,1024,800,16,2,16,7.763256,60,63
8,1024,800,16,2,32,8.849862,60,64
8,1024,800,16,4,2,0.482084,60,61
8,1024,800,16,4,4,0.676137,60,61
8,1024,800,16,4,8,4.152079,60,62
8,1024,800,16,4,16,8.528256,60,63
8,1024,800,16,8,2,0.543899,60,61
8,1024,800,16,8,4,0.78753,60,61
8,1024,800,16,8,8,4.777449,60,62
8,1024,800,16,16,2,0.559362,61,61
8,1024,800,16,16,4,0.877764,60,61
8,1024,800,16,32,2,0.56898,60,61
8,1024,800,32,2,2,0.353002,60,60
8,1024,800,32,2,4,0.549666,60,61
8,1024,800,32,2,8,3.585502,60,62
8,1024,800,32,2,16,7.893881,60,63
8,1024,800,32,4,2,0.474857,60,61
8,1024,800,32,4,4,0.710423,60,61
8,1024,800,32,4,8,4.237049,60,62
8,1024,800,32,8,2,0.549214,60,61
8,1024,800,32,8,4,0.847615,60,61
8,1024,800,32,16,2,0.571162,60,61
8,1024,800,64,2,2,0.352413,60,60
8,1024,800,64,2,4,0.585503,60,61
8,1024,800,64,2,8,3.73073,60,62
8,1024,800,64,4,2,0.476665,60,61
8,1024,800,64,4,4,0.760429,60,61
8,1024,800,64,8,2,0.561481,60,61
16,-1,800,-1,-1,-1,2.609625,60,62
16,128,800,2,2,2,1.598666,61,62
16,128,800,2,2,4,2.296496,60,61
16,128,800,2,2,8,5.640855,60,63
16,128,800,2,2,16,12.195937,60,65
16,128,800,2,2,32,14.012004,60,66
16,128,800,2,2,64,19.651342,60,66
16,128,800,2,4,2,1.2323,60,61
16,128,800,2,4,4,2.570921,60,62
16,128,800,2,4,8,6.65068,60,63
16,128,800,2,4,16,13.502461,60,65
16,128,800,2,4,32,15.893738,60,66
16,128,800,2,4,64,19.924572,60,67
16,128,800,2,8,2,1.082063,60,61
16,128,800,2,8,4,3.147436,60,62
16,128,800,2,8,8,7.307838,60,63
16,128,800,2,8,16,15.040958,60,65
16,128,800,2,8,32,17.373716,60,67
16,128,800,2,8,64,26.377069,60,68
16,128,800,2,16,2,1.027331,60,61
16,128,800,2,16,4,3.844342,60,62
16,128,800,2,16,8,8.243095,60,63
